Song ID, Song Score, Song Tags...
eOYnD0jAu20,0,None
kTsIIiV20o0,0,None
bp8i5E2jXPE,0,None
IGrhyOtikQ0,0,None
EBhFHJMVfiI,0,None
l0GN40EL1VU,0,None
8OkT5HyumQ4,0,None
hJqYc62NCKo,1,None
oJuGlqO85YI,0,None
B7xai5u_tnk,0,None
r2i74gg03GI,0,None
07rtl-zcQhg,0,None
x8HfLPjE3Rs,0,None
tOfU-6f2zhI,0,None
s52QvqaEinw,0,None
oGxQNQtnr6Q,0,None
Ex5DD1PuhrY,0,None
kpz8lpoLvrA,0,None
m-M1AtrxztU,0,None
gxEPV4kolz0,0,None
RwbIvPO9-8g,0,None
GjWMbN5xEh4,0,None
YQRHrco73g4,0,None
n89SKAymNfA,0,"your_name"
3sfY1lRkEVA,0,None
-J9FuvPmMoI,0,None
Y8OcmKITqUw,0,None
7maJOI3QMu0,0,None
C0AF46uMwzA,0,None
E4KdU-O6fq4,0,None
VG5uO6B1S3E,0,None
cLX797pjoIc,0,None
L7kF4MXXCoA,0,None
1VHT2Sp_KQU,0,None
saDmN2f3HI0,0,None
VcQIpQB4Fiw,0,None
m4sx9I7R9S4,0,None
bCM3clq-_c0,0,None
MgNItWdfEIU,1,None
PDSkFeMVNFs,0,None
MtLHwqbE1eI,0,None
UWrU7EbzA_8,0,None
BuJpp3ADMa0,0,None
urxeNbBc1nk,0,None
XMJqkkgWitA,0,None
mhpRipG9Zss,0,None
YLeid-bIRQA,0,None
kK81m-A3qpU,0,None
iPcX6EpJI3o,0,None
pB-5XG-DbAA,-1,None
31crA53Dgu0,0,None
aJOTlE1K90k,0,None
lY2yjAdbvdQ,0,None
DDWKuo3gXMQ,0,None
tdiT57zPx3M,0,None
-tKVN2mAKRI,0,None
PNpeJCp1QMU,0,None
tH6HCQbqoCU,0,None
60XUgHQo71Q,0,None
KRUkbAGEjKw,0,None
sU8rlnKGG8Q,0,None
yWP5JsA_Rms,0,None
2Vv-BfVoq4g,0,None
1eaOdePV2Tc,0,None
lWbhobTJ1YM,0,None
zBsXoalh5_k,0,None
iyIhP5_JcOA,0,None
GKSRyLdjsPA,0,None
v_1bJfzCFsU,0,None
aJxrX42WcjQ,0,None
RBumgq5yVrA,0,None
Il6yRSrgHeQ,0,None
DwKQHdsEzd4,0,None
jI8YraI4CP0,0,None
GE6zXADYy3A,0,None
VPRjCeoBqrI,0,None
dOZ9NSo1azY,0,None
yS_ZVXMNYBQ,0,None
m-PJmmvyP10,0,None
6RLLOEzdxsM,0,None
6tkaatkbC2Y,0,None
OpQFFLBMEPI,0,None
bsPDQVdAkiQ,0,None
YbYJKGWrG7U,0,None
7JJfJgyHYwU,0,None
UhemfATfVRc,0,None
SItIaWAjI_4,0,None
L2NhfzcVmBA,0,None
RNOTF-znQyw,0,None
twbZII_djEo,0,None
SCD2tB1qILc,0,None
AMvBdD_DHR8,0,None
-6NQZHyJYO8,0,None
fgxo-EBuScc,0,None
uXt04p5XOV4,0,None
R5-Yl48DsOc,0,None
EkHTsc9PU2A,0,None
y4nNtkBXJ0k,0,None
HjmBLCbTgDo,0,None
EBWKqtf-7tQ,0,None
Lw99gXKFNIQ,0,None
h52717Bo118,0,None
ojF77_FXjlg,0,None
Osty6hg2WQ4,0,None
qY3ZSjCG70E,0,None
tu0wikRvrGc,0,None
9AhfkcQOH3U,0,None
U9pGr6KMdyg,0,None
450p7goxZqg,0,None
yO28Z5_Eyls,0,None
8LRR3duJw-I,0,None
8iuLXODzL04,0,None
JWdZEumNRmI,0,None
un5jZH5n-qE,1,None
9XIqJue35DE,0,None
atPenPe6IhA,0,None
n2cJxvYS4uk,0,None
nSbhUCM5Z6s,0,None
t8BgXCWYYMk,0,None
elfAyK3JyPM,0,None
1yHqvlcJHss,0,None
rZAHmFvIico,0,None
4mWvuqrWRiM,0,None
oH95nZ7EeQo,0,None
amOSaNX7KJg,0,None
SAxg5g2KGpc,0,None
_pGaz_qN0cw,0,None
lgh68Swuak0,0,None
Il-an3K9pjg,0,None
4N3N1MlvVc4,0,None
SYi4eayxSqI,0,None
dvgZkm1xWPE,0,None
CS9OO0S5w2k,0,None
kTHNpusq654,0,None
ZaflNU45bVY,0,None
VuNIsY6JdUw,0,None
ZSM3w1v-A_Y,0,None
DUT5rEU6pqM,0,None
AWpsOqh8q0M,0,None
unfzfe8f9NI,0,None
qeMFqkcPYcg,0,None
PIb6AZdTr-A,0,None
4fndeDfaWCg,0,None
eH3giaIzONA,0,None
4N1iwQxiHrs,0,None
zB1Q-PfUvN0,0,None
izGwDsrQ1eQ,0,None
hwZNL7QVJjE,0,None
btPJPFnesV4,0,None
kVpv8-5XWOI,0,None
qrO4YZeyl0I,0,None
psuRGfAaju4,0,None
uSD4vsh1zDA,0,None
L_jWHffIx5E,0,None
djV11Xbc914,0,None
kffacxfA7G4,0,None
5NPBIwQyPWE,0,None
ECyeUYsU14E,0,None
qHm9MG9xw1o,0,None
pRpeEdMmmQ0,0,None
F57P9C4SAW4,0,None
Lgs9QUtWc3M,0,None
6g6g2mvItp4,0,None
LjhCEhWiKXk,0,None
QGJuMBdaqIw,0,None
rYEDA3JcQqw,0,None
yKNxeF4KMsY,0,None
KlyXNRrsk4A,0,None
dGghkjpNCQ8,0,None
2ggzxInyzVE,0,None
QJO3ROT-A4E,0,None
hLQl3WQQoQ0,0,None
1G4isv_Fylg,0,None
rtOvBOTyX00,0,None
JRfuAukYTKg,0,None
Sv6dMFF_yts,0,None
fWNaR-rxAic,0,None
1zfzka5VwRc,0,None
SeIJmciN8mo,0,None
KRaWnd3LJfs,0,None
H7HmzwI67ec,0,None
hRXb7K7k7bQ,0,None
qM1YMeDsc-M,0,None
Soa3gO7tL-c,0,None
IxxstCcJlsc,0,None
F90Cw4l-8NY,0,None
uJ_1HMAGb4k,0,None
2zNSgSzhBfM,0,None
vGJTaP6anOU,0,None
47dtFZ8CFo8,0,None
QUQsqBqxoR4,0,None
hT_nvWreIhg,0,None
nlcIKh6sBtc,0,None
4Ba_qTPA4Ds,0,None
o_v9MY_FMcw,0,None
IcrbM1l_BoI,0,None
CevxZvSJLk8,0,None
hHUbLv4ThOo,0,None
xLfm2nnCOpc,0,None
PIh2xe4jnpk,0,None
0KSOMA3QBU0,0,None
W9Sp8fXtJmg,0,None
PVjiKRfKpPI,0,None
2vjPBrBU-TM,0,None
iS1g8G_njx8,0,None
L8eRzOYhLuw,0,None
6JCLY0Rlx6Q,0,None
UtF6Jej8yb4,0,None
5XR7naZ_zZA,0,None
X_EKsENFLI0,0,None
qV5lzRHrGeg,0,None
YqeW9_5kURI,0,None
RgKAFK5djSk,0,None
fXnRf3TQcpk,0,None
jGflUbPQfW8,0,None
DzwkcbTQ7ZE,0,None
pXRviuL6vMY,0,None
xo1VInw-SKc,0,None
MkElfR_NPBI,0,None
Tw8mpgccugc,0,None
VbfpW0pbvaU,0,None
cHHLHGNpCSA,0,None
tD4HCZe-tew,0,None
54ItEmCnP80,0,None
QAo_Ycocl1E,0,None
Jwgf3wmiA04,0,None
DK_0jXPuIr0,0,None
BxuY9FET9Y4,0,None
vWaRiD5ym74,0,None
fRh_vgS2dFE,0,None
YQHsXMglC9A,0,None
oyEuk8j8imI,0,None
u9Dg-g7t2l4,0,None
YykjpeuMNEk,0,None
rY-FJvRqK0E,0,None
HL1UzIK-flA,0,None
Io0fBr1XBUA,0,None
ru0K8uYEZWw,0,None
kOkQ4T5WO9E,0,None
MWASeaYuHZo,0,None
Y6AcAeuMcHY,0,None
3AtDnEC4zak,0,None
RnBT9uUYb1w,0,None
nBtDsQ4fhXY,0,None
0zGcUoRlhmw,0,None
JGwWNGJdvx8,0,None
PMivT7MJ41M,0,None
aatr_2MstrI,0,None
wCQfkEkePx8,0,None
yWEK4v9AVKQ,0,None
dT2owtxkU8k,0,None
HCjNJDNzw8Y,0,None
BQ_0QLL2gqI,0,None
cH4E_t3m3xM,0,None
cE0wfjsybIQ,0,None
EDt3rQxb_mU,0,None
IPXIgEAGe4U,0,None
veJlefvVkPI,0,None
1kehqCLudyg,0,None
hdonNbzHHXE,0,None
Dkk9gvTmCXY,0,None
Pkh8UtuejGw,0,None
H9r597vJbSQ,0,None
aXzVF3XeS8M,0,None
CUr_UwUUXzU,0,None
aYIAynSM7ZI,0,None
9boiT64sm0Q,0,None
TqAollrUJdA,0,None
zJFcr1KyFqE,0,None
KkoYE39Fh0g,0,None
ClhRye4gazU,0,None
ZAfAud_M_mg,0,None
kfVsfOSbJY0,0,None
gOsM-DYAEhY,0,None
fQL71vm_dAc,0,None
QyFq__OOwb4,0,None
smjEcaxl7gI,1,None
Ifntf8YKYII,0,None
XeWmnTO6CJ8,0,None
ILSGmLJQ9vw,0,None
9AYod7zIKTI,0,None
8SWjPIS8hos,0,None
aBYuUoQFuec,0,None
esFKWcr58hY,0,None
KDVYD6EspZ0,0,None
M-D6NTkhsZE,0,None
VM7QbrxERRc,0,None
vHhqgMyGjpY,0,None
2-QegqBAc7E,0,None
PWDDh3DEGyI,0,None
wUzIQzmbMyQ,0,None
cx10S0qcLZc,0,None
MYjO8w0v4CE,0,None
iN38_wkB144,0,None
kSbLY2mNE2Y,0,None
5ArbQXWxlR8,0,None
ShIvezWMOzQ,0,None
sguE-OB9qSU,0,None
Oj6wJHbIj8Y,0,None
TUnWP8t6r8k,0,None
TB0w-W5cTb8,0,None
qiOF5bLG9SQ,0,None
2hPuAbRgRbw,0,None
qoXtBnwcw9w,0,None
v2ZfXZHe0bY,0,None
KiNOOL1Pvr0,0,None
1SpIHxGJkqU,0,None
cdn4Oh2w6aA,0,None
rXSH7oXxvYQ,0,None
eaebnxIbJGc,0,None
hq-_yM-T7HQ,0,None
mdPGfVS4s0o,0,None
yZwWE_brqUs,0,None
75j8tprxCFw,0,None
fgvn2mfxyMo,0,None
LRB3lMOlh4I,0,None
R_MvjC71mJE,0,None
eSV9ahiOX4g,0,None
BTncmTaS9Jw,0,None
G1_vWI5wuo4,0,None
-PdbpHhARM8,0,None
JFbKgSNgL4Q,0,None
sbfkRJNYrnc,0,None
b24ALjuvR3M,0,None
8Qp2e6TeSug,0,None
V2pguK_aqJE,0,None
vxbKw5JgmTM,0,None
hRIf_zpL0Gg,0,None
_xlXdMKD3dY,0,None
FQvak0ZpfBA,0,None
QE7i8bH40GQ,0,None
nlv2AKwENFw,0,None
LS18kZR1X5I,0,None
292YKmigvR4,0,None
jjWL0JLM8lU,0,None
fkjGePbm0PE,0,None
G72j-DVmtm0,0,None
CZ-MQUuTBRU,0,None
V40EjCjP3VU,0,None
MPv1iC1H8is,0,None
d9-GoLvE4LQ,0,None
F5PTccyg3zM,0,None
5ssN6hv5Mo0,0,None
5g87QRZyaP8,0,None
Cop4T3qzsCA,0,None
sIc9zGLmLjU,0,None
VrPjRrT7j7A,0,None
jpFto_hUe3U,0,None
N9iC3Ut86K0,0,None
esPPx3VcnfA,0,None
eg5sRQNEwtg,0,None
yitRL7K2Pgw,0,None
yVW6cG5qVus,0,None
hSwa13Wjxzw,0,None
6AVIc5Hb81Y,0,None
olCM-V5fsJU,0,None
jH1RNk8954Q,0,None
MSepOYJxB64,0,None
w_vk7UwFBhc,0,None
ibUOxEBxVsE,0,None
JZNy6eHw3FA,0,None
_3ngiSxVCBs,0,None
AhGMZVnfmeU,0,None
c_H3MWVx6JU,0,None
lKbP29lbcAg,0,None
6D3oA8XTE2o,0,None
rgLgPTXdR4M,0,None
y1LIsrFdEuU,0,None
I47cB9WHqsI,0,None
96YaOyAAXAg,0,None
5_E_y1AWAfc,0,None
8wSYwqbp4S4,0,None
yWjavxcGfqM,0,None
WgRfPc1lfJk,0,None
Gu8A8uWAJaA,0,None
J0GwWix72Q0,0,None
iP0x6Zx67VE,0,None
RUnvkHZwDg4,0,None
cRIfsFefatg,0,None
68ugkg9RePc,0,None
V4kWpi2HnPU,0,None
3D3eoZEdLjw,0,None
gmSGmgffLXI,0,None
j-2DGYNXRx0,0,None
gHgv19ip-0c,0,None
DT61L8hbbJ4,0,None
Gc3tqnhmf5U,0,None
kL8CyVqzmkc,0,None
KR-eV7fHNbM,0,None
Ic-gZlPFTkQ,0,None
2Ax_EIb1zks,0,None
jqkPqfOFmbY,0,None
eNCWglMv7zU,0,None
QD_4hq1bRyg,0,None
GPMq_PxMTUI,-2,None
RmerksTdcuU,0,None
w0AOGeqOnFY,0,None
QH2-TGUlwu4,0,None
q6EoRBvdVPQ,0,None
cGmmjp5kMDk,0,None
wJnBTPUQS5A,0,None
1-xGerv5FOk,0,None
60ItHLz5WEA,0,None
2i2khp_npdE,0,None
0-ukDKVxNWg,0,None
IvUU8joBb1Q,0,None
41YOknSl0zw,0,None
I-sH53vXP2A,0,None
Kwwl9jiJ1A4,0,None
Lyu7-Jcyl_8,0,None
9uwEAugeH8w,0,None
k2rDbRUDkds,0,None
UiKOf4jNbm8,0,None
ytWz0qVvBZ0,0,None
fcuWKpyUGHo,0,None
NCMJnTBZfeE,0,None
vIhs8_m5qPc,0,None
oM5q12TZm-w,0,None
YqrxIimmiqs,0,None
ABuexNuzUro,0,None
PL-uPCeXRzM,0,None
OJdG8wsU8cw,0,None
JhKyKEDxo8Q,0,None
ZXHO4AN_49Q,0,None
yuidCMuUFJQ,0,None
lpQQ_o8DlGI,0,None
7B0gg58y02A,0,None
AhD6qHCADUQ,0,None
pF843ZbQWn4,0,None
jFHGx8vkk1o,0,None
ign_vZupjno,0,None
D9e4jM8STdo,0,None
k6oJj0ZyLKc,0,None
yp6zpUnwCo0,0,None
PFr12GdAZ_0,0,None
BS5HCi-zsYE,0,None
DUxqmauvvug,0,None
QJYBFkV0Kas,0,None
8e39SR4YvCw,0,None
3V7wWemZ_cs,0,None
n8X9_MgEdCg,0,None
rH7eX8c_bC8,0,None
4L7o_Syx49U,0,None
eQlsmfirpbA,0,None
3Xt40GQjdf4,0,None
FR7wOGyAzpw,0,None
ma_ZJjeKXrk,0,None
wN2ioal3qjk,0,None
L4bZRIwI-QA,0,None
eq1FIvUHtt0,0,None
UwxatzcYf9Q,0,None
QDvvt1kmL1Q,0,None
26lLZSKE6qc,0,None
8YXPucedPzs,0,None
A67ZkAd1wmI,0,None
t_4bCpuELMw,0,None
IIrCDAV3EgI,0,None
p7ZsBPK656s,0,None
TW9d8vYrVFQ,0,None
__CRWE-L45k,0,None
EP625xQIGzs,0,None
VtKbiyyVZks,0,None
feA64wXhbjo,0,None
hQdOIwPjzMw,0,None
LTosB6V_V24,0,None
zNTaVTMoNTk,0,None
mpkf_p71rKY,0,None
O2yPnnDfqpw,0,None
EQ94zflNqn4,0,None
9bZkp7q19f0,0,None
0QNgUdJDfZ0,0,None
hVmpCXzdFrQ,0,None
BhHoNe7ma0Q,0,None
0jEm6owSKFU,0,None
V0HCZ4YGqbw,0,None
9mjfatUB6Ek,0,None
QIzoFBNgZbI,0,None
6okxuiiHx2w,0,None
kJQP7kiw5Fk,0,None
rNzTRCT8Sw4,0,None
MtN1YnoL46Q,0,None
kFduy8qQIOg,0,None
HWG3s0bvDYg,0,None
01Wpsc5-jxw,0,None
SlZzuIfCiIs,0,None
QP67qlXfz2g,0,None
1k8craCGpgs,0,None
lqYQXIt4SpA,0,None
t3s7YBwcw3g,0,None
C-u5WLJ9Yk4,0,None
K0tXhd7u56k,0,None
C-CG5w4YwOI,0,None
IJNR2EpS0jw,0,None
57c94il3Eng,0,None
thFFCc7H9EI,0,None
-HLosAIeYu0,0,None
w-K0kKBmulQ,0,None
s2qAOxOP_DY,0,None
zajaOfv0tGU,0,None
mKkLjJHwRec,0,None
DsemU6yb7hA,0,None
d9sDY3iZB0M,0,None
F1AgdpwdGkk,0,None
3nMUgeVYVJQ,0,None
bWcASV2sey0,0,None
aQzUaZGDJ80,0,None
dkM9GxaCow4,0,None
fHI8X4OXluQ,0,None
-wkMd0f0lVM,0,None
fJ9rUzIMcZQ,0,None
kd9TlGDZGkI,0,None
cmSbXsFE3l8,0,None
GTyN-DB_v5M,0,None
1vrEljMfXYo,0,None
gy1B3agGNxw,0,None
pJGUn9w_l_Q,0,None
I8NrBEku5ms,0,None
cIYdfWFsMXw,0,None
I3Alq3OnXu8,0,None
whELOebSI9U,0,None
nOCgjuu0xeA,0,None
LxBLzQox_3Q,0,None
MEianU8A7tY,0,None
kzC5W10czNc,0,None
1URlHG1AqIE,0,None
VBL7nt36yTM,0,None
zhRtE5nzVGI,0,None
S1aCkD_JsWY,0,None
p-LOXXGGeAc,0,None
dgh1kiXSfXU,0,None
SneCkM0bJq0,0,None
unTus4ukPB0,0,None
VdQY7BusJNU,0,None
4G6QDNC4jPs,0,None
Fpu5a0Bl8eY,0,None
W8r-tXRLazs,0,None
7xZznxgK5d8,0,None
hPbvafrCKxw,0,None
iB76_GCTjiM,0,None
1Dq9n83_9bs,0,None
HQnC1UHBvWA,0,None
HAIDqt2aUek,0,None
DjRDYvQUfW4,0,None
0oOF3LWPX60,0,None
DutKTioIMsY,0,None
axIC2arXNm0,0,None
XQsMmtC91b4,0,None
8tUuU3fjTiA,0,None
g1isQVgBHDQ,0,None
rZPkHI4oE5c,0,None
LREYOaVUbLc,0,None
74S2RwVaynI,0,None
3H-ljfkVLYk,0,None
dX5Fgs2nRVE,0,None
4_14zuC1jL0,0,None
tvQvpIy9JnA,0,None
PlYxzMcZZW8,0,None
cNcy3J4x62M,0,None
4lXBHD5C8do,0,None
ux8-EbW6DUI,0,None
sg-41XjhH1A,0,None
9iHM6X6uUH8,0,None
f2xGxd9xPYA,0,None
7YZf9ENg1_M,0,None
lOfZLb33uCg,0,None
GRnyE2bX9Bc,0,None
HCxJ4gAt2cs,0,None
qvH70pJFKps,0,None
Lq2UrnDsI_s,0,None
_Iq4Cb9EXds,0,None
lM5IxG1qhl0,0,None
tCO4i2t-Aso,0,None
0MIK7bb69xk,0,None
3fJFuUb27bo,0,None
1RiaSfzxS90,0,None
CX-Qr8iNqm0,0,None
Z0Uh3OJCx3o,0,None
aaIjs8K3oYo,0,None
c1d3JkO3VCw,0,None
qv5-RtpcdQQ,0,None
WP_33K0RRhw,0,None
tnvxml3xcKQ,0,None
hFwXc5GSr2U,0,None
C5fLxtJH2Qs,0,None
8fSpEYQUNpQ,0,None
bdE_SyHad90,0,None
cxrGq55-cyE,0,None
KYwA5k00p2I,0,None
Gs069dndIYk,0,None
Dxk9yUAnbUI,0,None
z7zoabFKD60,0,None
s96AuRcsH5c,0,None
MS43w913bcc,0,None
V47PbVZwggo,0,None
GsF05B8TFWg,0,None
uDpC5jzqhRo,0,None
aUYUnS6bHE0,0,None
Zg6tFYIBvIo,0,None
N_hmzLU1_cc,0,None
wQcdOqIXfWw,0,None
cKh5o9Palhw,0,None
tcHJodG5hX8,0,None
Tx1sqYc3qas,0,None
YcRSfYmVW0U,0,None
lcS2y_5zmuE,0,None
hIaYzwf0A8A,0,None
Ju8Nz2cmCp0,0,None
tg00YEETFzg,0,None
vf5AMfIOqGw,0,None
FACg3b0NPok,0,None
MiUjLJJligs,0,None
ylqGPQUkyws,0,None
ooPzr1vzmGY,0,None
8GW6sLrK40k,0,None
nFnNRYKeFWI,0,None
ReBDW-4mtyo,0,None
hKqe5ljr4Js,0,None
hrhc7WF1VMM,0,None
jMXo6u0Tm_8,0,None
_F0-q1jeReY,0,None
2zfzEecNIbA,0,None
u1I9ITfzqFs,0,None
geOGWGe0aB8,0,None
y-f8pEX1Q1M,0,None
7HRDMK-ibTc,0,None
tmSzRx9RYLk,0,None
RX7fZ5I709Y,0,None
yJg-Y5byMMw,0,None
oqTHiUgCjDA,0,None
kKsQOYEALag,0,None
j9Sj6n354fE,0,None
IdneKLhsWOQ,0,None
CrxEUfiJKck,0,None
5NV6Rdv1a3I,0,None
67BMThOAAy8,0,None
lG6HVrrXup8,0,None
yanwIwtlzEI,0,None
yolbGaJD4AY,0,None
iP6ZABrm8Lo,0,None
CRvbXDeGmZM,0,None
RrDKoXWKMmY,0,None
uWL0UwFbkL8,0,None
8t3SOvbgybA,0,None
SZhozuVAnIo,0,None
6CmGmMHg20M,0,None
XymWRweTo5U,0,None
mVyI-dzPawY,0,None
4ePqoHvUAhs,0,None
anNhaPXl6HQ,0,None
GwfiCyJ9EyQ,0,None
41kQGoJX_8Q,0,None
QogzNVZL1Gs,0,None
KBtk5FUeJbk,0,None
yHgrIcbnZbI,0,None
0r3G5czZNd0,0,None
hcFYS6Kf-1o,0,None
8CYy9jNmpXM,0,None
zJMrlVKlbTc,0,None
cQLzEErpang,0,None
114rxHa0qzo,0,None
dVHdUakiEo4,0,None
fjyc9XTtC2Q,0,None
yoHR8qwuqmY,0,None
whIcMwU2pzo,0,None
HhjHYkPQ8F0,0,None
Mw9U7FPaZho,0,None
dhYOPzcsbGM,0,None
oH9i2oOQkP8,0,None
jeg_TJvkSjg,0,None
rNYaw4EJpZo,0,None
6p-lDYPR2P8,0,None
_WIgis-xJKw,0,None
5w-Id6g9Bd0,0,None
HNxqxjIGKUY,0,None
HEXWRTEbj1I,0,None
tQwVKr8rCYw,0,None
bvWRMAU6V-c,0,None
UnIhRpIT7nc,0,None
OEg0ASwOpOo,0,None
kqTW3kx8dG0,0,None
RK0V-8qk7I4,0,None
g3zDhW03u6U,0,None
4y6ntH2vvPI,0,None
ZmeMUOX0Ezk,0,None
ZYAPgPH9hsI,0,None
of4A5Cw7L7c,0,None
M7em1xG3sY8,0,None
jhExvE5fvJw,0,None
BMvqvnyGtGo,0,None
by4SYYWlhEs,0,None
I4SkO1U4lzE,0,None
YFMLHCMc91c,0,None
rjOhZZyn30k,0,None
qrEIq0RnndI,0,None
BK_bNVFpvQo,0,None
s36eQwgPNSE,0,None
LMD5QFyTIEU,0,None
_Ca12JSMN9E,0,None
dSOnsTQktEI,0,None
u9n-6ZDGUBs,0,None
802h7vcQNSk,0,None
6H9MGTNVsig,0,None
eZolyF3LP6Q,0,None
3e4JdcqnnjM,0,None
T3aFyD1pfaA,0,None
JMX9o6JZIEE,0,None
8jJJM_WYEx0,0,None
69ewVbNIvvI,0,None
9Hwr37ClHY8,0,None
X_XGxzMrq04,0,"nostalgia"
KF32DRg9opA,0,None
VlVhUbGa2pg,0,None
qR6dzwQahOM,0,None
58VyD_I5tcA,0,None
CRjLbePQg1o,0,None
NevKVKbCNy4,0,None
yu4NXaEwQdA,0,None
OJBxNA8cX-E,0,None
zvq9r6R6QAY,0,None
_Fxil2QY0wE,0,None
jK2aIUmmdP4,0,None
gdVjVtpr55M,0,None
zs1jGkQ1je4,0,None
0GQZvFJZEm0,0,None
PKmyT7oYWKM,0,None
FuydAVwgqKc,0,None
5LI5QZVUU98,0,None
szGGTifHQUc,0,None
Iof5pRAIZmw,0,None
989-7xsRLR4,0,None
_4gl-FX2RvI,0,None
fq3abPnEEGE,0,None
6hVDkAlCCvY,0,None
o0u4M6vppCI,0,None
GQMlWwIXg3M,0,None
qAeybdD5UoQ,0,None
iYGTbrYi914,0,None
2LOmFBBq4T0,0,None
U9t-slLl30E,0,None
7dyxeG5x-vY,0,None
wuJIqmha2Hk,0,None
dX3k_QDnzHE,0,None
0T-if-Vj2Xs,0,None
EIuLBrHija4,0,None
OBwl2glmqC0,0,None
fyrK7CCF5yU,0,None
8D5iyKXZcUQ,0,None
DuMqFknYHBs,0,None
wy9r2qeouiQ,0,None
am7inxlBqZI,0,None
TOG0mCgzsMY,0,None
F0CaS4wuSzA,0,None
xPfMb50dsOk,0,None
e-ORhEE9VVg,0,None
K4DyBUG242c,0,None
4UfEnhnHGhI,0,None
w1o5sgoaEn8,0,None
p9QNldkFftU,0,None
vEKz-mpxyDs,0,None
hLKV5QzdDK8,0,None
StH2UflpcC4,0,None
zO2oC5khAqc,0,None
rwdM3MRAly4,0,None
-gRFAGeor3U,0,None
7ya0fv1qx28,0,None
s-oQ08lJvys,0,None
QVh3eswewBs,0,None
3MwX5CHG6WE,0,None
YZk-nMQ1DkU,0,None
NZj8xUB21Ck,0,None
urad_EveZ6E,0,None
p6VoW20flHU,0,None
w0VvmB6ayBw,0,None
owdOTafPyKY,0,None
UvXjzPPQkJ0,0,None
EgdMVSCyNy8,0,None
XT9gRj1d66s,0,None
EdJkd_XpkFs,0,None
dhfsiLLvDUA,0,None
GTlFcuq_iw0,0,None
OuaD4wQd-jg,0,None
D22-W4TrIpA,0,None
PorE6bMsHuY,0,None
ecA8gTM9XPg,0,None
QmYHUc5kd4o,0,None
44eClZSTM9M,0,None
l7sAbgj18Ig,0,None
4SmwGOlDuqM,0,None
g9ATdSzw9nE,0,None
-PILtAkBdrk,0,None
_3ZcY3LPhyw,0,None
4k59Ve_4xyY,0,None
-9oODi4hUMg,0,None
rbUpNvivjaQ,0,None
dNxxg3FM8Mc,0,None
RKW6rjnYEkc,0,None
oKK8ball0Rg,0,None
Z0gO5Irss7A,0,None
6DpNIql7uPk,0,None
uBWswnw_Ehk,0,None
GV5XUnvNXS0,0,None
2R1uAL4sJxk,0,None
RsOICYx-Jpc,0,None
pBb9GS5tzBA,0,None
A6X9GeP54Nw,0,None
pJwRo0SWoLE,0,None
pjlEAoNzpk4,0,None
zGl-npcJpEs,0,None
ewrNwKLu_nE,0,None
MQ7vI7cdYJY,0,None
4W28wWWxKuQ,0,None
T7Wff9xaqjc,-1,None
FnXabH2q2A0,0,None
TZULkgQPHt0,0,None
PSvYfVGyQfw,0,None
w2vz6JVWiPY,0,None
KDdvGZn6Gfs,0,None
XoLouT7TqZY,0,None
gbDAVrJXtv8,0,None
Pb6KyewC_Vg,0,None
N9vDTYZpqXM,0,None
fLnF-QnR1Zw,0,None
afwK743PL2Y,0,None
5Epc1Beme90,0,None
dtJE4j_RcjY,0,None
HeQGcCtk4bc,0,None
RaJ6Vf2w9hY,0,None
OPBECnDBiRQ,-1,None
BuPmq7yjDnI,0,None
zZ1L9JD6l0g,0,None
guBpnPY32s0,0,None
KrhNNBsUd58,0,None
XhL7qUwjiX0,0,None
SMhFTex19DU,0,None
6lTOgVLZsbw,0,None
H0s3Jf9u86k,0,None
YTsCbgoyNPU,0,None
hrr68ViBpqE,0,None
c-eCNAGUVQw,0,None
_baCfeSkjOs,0,None
RoGQVVXBbOA,0,None
7CJtN9ke8p0,0,None
3xmwkzI8T40,0,None
TaZnmE_cJ90,0,None
edwooGpMg8g,0,None
zYBhqgbelJ0,0,None
MhcD_CuFcOw,0,None
qLSooDsUqQE,0,None
JEexIgFkMjI,0,None
b50Gb3bPNI8,0,None
VsN7E35LpJE,0,None
f-PRMB1SsHM,0,None
jyvcg72-reA,0,None
R8ALe-nVzd8,0,None
VgzTfdzj_Ho,0,None
cDlGFbBipCo,0,None
EJ09pSuA9hw,0,None
oQrIbBqV2Ew,0,None
TGNJbrZnIJg,0,None
Ez-lX4YcohI,0,None
vxIOUJ7by6U,0,None
pRPOztxXWlQ,-1,None
zutIG-QNm6c,0,None
sf6LD2B_kDQ,0,None
0vJqrxGHooE,0,None
JGCsyshUU-A,0,None
inb8MMZ-QmA,0,None
bqtKpLUd3Ng,0,None
0dfZ9BXaNyE,0,None
mgUZPVh_l4A,0,None
aHjpOzsQ9YI,0,None
55_bV4ORRFM,0,None
EiyPRqP5glY,0,None
HZa1iFO0Juk,0,None
sRxrwjOtIag,0,None
ukvW7pccZJQ,0,None
4xcuKEwCDWg,0,None
c5meFtluB9Y,0,None
MOg8Cz9yfWg,0,None
FjgRMEAattA,0,None
EKkzbbLYPuI,0,None
AuJnvC8voJY,0,None
_oNpmSAvpGQ,0,None
mdkWFPrrZVQ,0,None
eht-pRJcunU,0,None
jg4sZZaf3Gg,0,None
YpRyJBoEiMg,0,None
XfTknZt2DHA,0,None
xyrnFRghCv4,0,None
KtQb2axKpuw,0,None
3ke-sS8dPKk,0,None
jLnL63cXmD8,0,None
lrF814OnFQ4,0,None
6-wEAeNcA_A,0,None
dQiNVk_u0po,0,None
b3KUyPKbR7Q,0,None
1A3i0GATnRI,0,None
-onQcF95pfs,0,None
aE2GCa-_nyU,0,None
ar7brs0qOG8,0,None
0g9poWKKpbU,0,None
UQmlzOW-CLY,0,None
E5TsA6CHpII,0,None
KA8a5qibUJU,0,None
X-AjhXhk19U,0,None
xwsYvBYZcx4,0,None
TCL94-MsxYc,0,None
qDsfou6UfjU,0,None
kQb0DJZLhRM,-1,None
c7bRxdhUtWM,0,None
_TFwieKKEpk,0,None
D-dwmYeLLng,0,None
9BQU_iXEn_o,0,None
cYKd1_a-w1Q,0,None
IFsDAoCHYiQ,0,None
jvipPYFebWc,0,None
NVqVwk0rJ64,0,None
I8HKZEf_V-I,0,None
rFDMjGpPX9k,0,None
QAD0BtEv6-Q,0,None
bJTRLbdX630,0,None
1yUYvyAY954,0,None
GGmz74HDDow,0,None
Qg7L0OQiN78,0,None
49tpIMDy9BE,-1,None
RrutzRWXkKs,0,None
5xO6AWFHVps,0,None
uCTWBHP6lV0,0,None
ScVWkYZkZFk,0,None
ytMqO-WQpQ4,1,None
dLBZdLPIoRQ,0,None
O12g4oPSy-g,0,None
2i4BJFjCPlo,0,None
zM8OlzfFIOQ,0,None
h7pWjVA11Zc,0,None
AlYVNyq2i_0,0,None
pWn7PYm-W90,0,None
4MCjU-Du3eI,0,None
11S5tcT2Tm0,0,None
3YxaaGgTQYM,0,None
NyVYXRD1Ans,0,None
pSQk-4fddDI,0,None
BURBlSYPmBU,0,None
Wk008ADh4iY,1,None
fKEMBn_JdCE,0,None
wEJd2RyGm8Q,0,None
gdjR2lvIfJ4,0,None
He5NctQPXK8,0,None
515CCwsds14,0,None
iW2FUY3N-n0,0,None
d7gOtEwaJzw,0,None
XwDTzD75fT4,0,None
DGhPGH2YROA,0,None
lpiB2wMc49g,0,None
lp-EO5I60KA,0,None
9YJk3tTDSXA,0,None
t4vLhL2jNH0,0,None
mk48xRzuNvA,0,None
aUpRZuyznEE,0,None
KQ0c7R3eHqE,0,None
eEB3d1Rdh8E,0,None
X5mcY8ecs8I,1,None
BPNTC7uZYrI,0,None
cLqlA8iHxMM,0,None
sJXZ9Dok7u8,0,None
g4hGRvs6HHU,0,None
vjexVOf-s2Y,0,None
kyLuzKbgXAs,0,None
JALbemLw3G4,0,None
6FNHe3kf8_s,0,None
HV7mLcsUp5U,0,None
eEd77Sh6Rmo,0,None
pEiz5naTrXk,0,None
LHvYrn3FAgI,0,None
CLiXUT3MS34,0,None
13ARO0HDZsQ,0,None
0qwPgq7UJZk,0,None
vBGiFtb8Rpw,0,None
Ep1PTvHlMwg,0,None
HPg_auEBL1Y,0,None
B7h7c_L_Yp4,0,None
dDR1DFtik0E,0,None
ARXhBQ8hdlE,0,None
smn0HOvwoZ8,0,None
xkdPRcY0k4o,0,None
mSfH2AuhXfw,0,None
UrEfQ6UrqhU,0,None
i5ZeXTed5Q8,0,None
yp3f-Upb6oA,1,None
aRsOBFhNjVM,0,None
p5-ZgpwNKdA,0,None
fvYCyIkIA3g,0,None
AUsTbiiSUOs,0,None
D5j0FfGcTx0,0,None
h84Aw7h2G9U,0,None
A_MjCqQoLLA,0,None
8OwhJZut44I,0,None
PEnJbjBuxnw,0,None
lrzKT-dFUjE,0,None
W5Uq5I7gI80,0,""
BLar2xEJpfo,0,""
b7nlAsHoOxo,0,""
kbpzfrz3hXc,0,""
OOzTZ06v520,0,""
uJ1iryf3pbE,0,""
ILe2yxO-TPI,0,""
XW_itpLynf4,0,""
qhD3jKUXlGU,0,""
z0i-1BmrAcg,0,""
ZL0iMJfd4_A,0,""
BFJXJ-fTv6M,0,""
o5ozNwRGwiw,0,""
WFw2Ij1t2PU,0,""
HlSopqiw0k0,0,""
eeiH2Yidi98,0,""
dPU3fB96Zm8,0,""
jODRcFq1bfI,0,""
d2Ltl8Af0fA,0,""
45UUUEjNSM8,0,""
L83ceYS2w3g,0,""
i0gqu38rdYM,0,""
li6dhoAENjo,0,""
TZ5inpB_kzE,0,""
p_QxJvLuD_w,0,""
kbo-e-01aGk,0,""
bBOwy0Ykk1Q,0,""
UB9l3V9PBAc,0,""
j6Wg9UwBNSE,0,""
DXkWgEhjp6s,0,""
knuCwZPs1P0,0,""
p3fh3HgVB6E,0,""
f18i2_B7av4,0,""
6t75mcIykFA,0,""
pIfCTTC7iHI,0,""
f_3Pqjd4Bx4,0,""
f6KKzXq8nX0,0,""
85wgOCDX1do,0,""
eMzYGy-ECMQ,0,""
7z40tOSz5MM,0,""
jNUjLXpy7OA,0,""
9hzcHUK4WaA,0,""
ojiGKxIKrWw,0,""
6bdyffPwWrA,0,""
c6TTps_yYYk,0,""
dq8fJVxRrUY,0,""
gJFRiqy17ew,1,""
USvIa08jGJQ,0,""
X3zJi0vdNEg,0,""
3qTOgiBVSDc,1,""
zHUxhb5-e4w,0,""
rV9X3mf0aOs,0,""
j2zMJ-Q650w,0,""
iLlQ7Fa1rG8,0,""
HqZVN9EfBbA,0,""
JkeG3DoLpyA,0,""
kTtru6dwYo0,0,""
Smiu_zRgAIs,0,""
FE2GQB37G1A,0,""
dKa1LVX6oZs,0,""
MFD0MRJMdRg,0,""
PruWN_tu5a0,0,""
qF9WM_aQF2w,0,""
kBmcGewribk,0,""
e3ZkLdp5788,0,""
aNSn3RW0xmI,0,""
qWH_QavPgo4,0,""
cWl82CEa9DI,0,""
FrxS64TpY5A,0,""
-Cxj98qxI2M,0,""
MtSDCwnRiZY,0,""
KKxuJcyErsg,0,""
Txil3wZ8uA4,0,""
nK5blLPbFyE,0,""
0iDFD7XHrtk,0,""
pAkYQ7VxIOw,0,""
vuV-6SaoU-8,0,""
7J0qGzeP64o,0,""
gm8vw_qyrjI,0,""
1nnEWCC1QG4,0,""
DMcHJ_Jx0b0,0,""
s_e2_NE-cME,0,""
Z3cGGsQqooE,0,""
fB-pDQ3KGSw,0,""
JV41UkBQDhE,0,""
xWTdj8wrxmM,0,""
BYHkGK7ahMY,0,""
cqFIMTGa8kY,0,""
UlDOxzH-wW8,0,""
8sOQ7HM0BYo,0,""
jjEufqmnmvo,0,""
mq6oUiqoWCA,0,""
cmOTZmHwKLI,0,""
ERySd9EtObo,0,""
BFqzMVdJ4bY,0,""
J0nQUjtHBiY,0,""
ZKm-BVkBTJk,0,""
_Q2yR0x5BcI,0,""
hIR4-6FL3Mk,0,""
Z6tI3rrKqTE,0,""
BNwwjFD9Wsw,0,""
5wLwG15Xq0k,0,""
e8yu_k-JBvE,0,""
ox8si9OEncI,0,""
x8VtSs-JS7o,0,""
iHaEVhwxdZM,0,""
UG2saegsZlY,0,""
eGZLvu-N8HE,0,""
cOoGIy4C5eY,0,""
kGi3e7uIjAQ,0,""
mWXnlvAlj2w,0,""
uRysIeRgNkI,0,""
S927n1xUkAM,0,""
a5S-m1g8_sY,0,""
O1Vj5DIKkvg,0,""
J_NIUoh-Ucw,0,""
olUcv2COGbY,0,""
oAvcQsuIARw,0,""
VwvQMaXZxqo,0,""
zUNZLlt39ZA,0,""
AK2VtNuxLY0,0,""
2N4t_kChuiU,0,""
9YQqggmJVvA,0,""
ZLhfr8mpzxU,0,""
Dyfcc3kyMPU,0,""
ZM3i6FPSFKQ,0,""
VcYab6pdE70,0,""
ZqpNprBEzq4,0,""
AoV_yWhori0,0,""
bzilliIil9M,0,""
oZNlbt8jWTI,0,""
JnVeFWsyoEI,0,""
as7p6VwnR5s,0,""
8HU8ECTDdCM,0,""
s7U_UfvylRc,0,""
gnDzncPX0ks,0,""
MXKkMJVtOOQ,0,""
XDdhy3R5vwM,0,""
DXRwj5aCFPo,0,""
4BBZ2VHUitk,0,""
phooDHZK-cA,0,""
N3VKXfT3KVc,0,""
qvhuT9QlvL8,0,""
PqGuw5lYBBg,0,""
cxp6FQ0LLtg,0,""
JDf_UW2whBg,0,""
2J2XC3Ty92g,0,""
7-a8UOX9EA0,0,""
K0-z4VTLlSU,0,""
s12mbZi1rg0,0,""
IDsyXij3fa8,0,""
UG15w-0OkBw,0,""
xSaLtRksFlM,0,""
Q_S2oKpyl5s,0,""
SAz3jCOlkx8,0,""
RSXGaCJ7OSM,0,""
Oh5_-YCh34E,0,""
kHOOz5pQsQE,0,""
7F0qhq7-K08,0,""
gWo12TtN9Kk,0,""
eBGCYiToNEY,0,""
AYBPvJ67YPs,0,""
Ew8jKnliFZg,0,""
hDm26Rs-YNQ,0,""
4THFRpw68oQ,0,""
fqnLm2A5qXI,0,""
25HfpOPXKWY,0,""
p1noRCUvsrM,0,""
7Kuwwta_Mms,0,""
ig-78RVSLVs,0,""
ETVtZlX2kLQ,0,""
3qce2Z4nlVs,0,""
ZCo6_JbKp-A,0,""
6gY0k0alnZ0,0,""
VkXYjy6sZ2A,0,""
gy9HOaDU318,0,""
DC_TrsY7U3A,0,""
PZz1Gxdb_tA,1,""
txCCYBMKdB0,0,""
tk0DpND0vgA,0,""
hqrWXNMTaKY,0,""
tD6KJ7QtQH8,0,""
_kZp-Q48v-A,0,""
ZxLc6P2Ii5Q,0,""
84s4B2AVTEE,0,""
hGtbr-ZvdT0,0,""
7_EeCkHs-e0,0,""
acWjHI1FzT0,0,""
yGreSrp4Qg4,0,""
367XrMBcb54,0,""
a7fzkqLozwA,0,""
J-gYJBsln-w,0,""
n1BX0wYp8Ao,0,""
ycPDM8OVqLI,0,""
-CmadmM5cOk,0,""
cPJUBQd-PNM,0,""
MCW4eGoLX3s,0,""
VCNskcGD1Oc,0,""
QaBT3QWdJWo,0,""
nRTBM4UwnBs,0,""
CNDbONsBL-k,0,""
H-RBJNqdnoM,0,""
GSBFehvLJDc,0,""
HxHrY37psIU,0,""